type,variable_cible,horizon,choc,share_pct,ci95_lo,ci95_hi,generalisee_pct,alt1_pct,alt2_pct
orth main,lipi,1,lipi,89.6,,,86.6,0.3,89.6
orth main,lipi,1,lcpi,3.5,,,10.0,95.9,1.3
orth main,lipi,1,lm2,2.4,,,3.2,2.6,4.7
orth main,lipi,1,r,4.5,,,0.3,1.3,4.5
orth main,lcpi,1,lipi,0.0,,,0.0,1.2,0.0
orth main,lcpi,1,lcpi,98.7,,,89.1,0.0,10.7
orth main,lcpi,1,lm2,1.3,,,9.8,97.4,89.3
orth main,lcpi,1,r,0.0,,,1.1,1.3,0.0
orth main,lm2,1,lipi,7.0,,,6.5,0.4,7.0
orth main,lm2,1,lcpi,4.8,,,3.0,8.0,92.9
orth main,lm2,1,lm2,88.1,,,90.1,5.5,0.0
orth main,lm2,1,r,0.1,,,0.3,86.1,0.1
orth main,r,1,lipi,0.3,,,0.3,96.8,0.3
orth main,r,1,lcpi,2.8,,,2.5,2.3,0.5
orth main,r,1,lm2,1.3,,,0.5,0.3,3.5
orth main,r,1,r,95.6,,,96.7,0.6,95.6
orth main,lipi,4,lipi,67.4,,,62.9,0.0,67.4
orth main,lipi,4,lcpi,16.2,,,24.9,70.9,9.2
orth main,lipi,4,lm2,16.0,,,12.3,14.7,23.0
orth main,lipi,4,r,0.5,,,0.0,14.4,0.5
orth main,lcpi,4,lipi,6.3,,,5.6,3.8,6.3
orth main,lcpi,4,lcpi,91.2,,,86.4,8.9,6.0
orth main,lcpi,4,lm2,0.2,,,4.6,86.9,85.3
orth main,lcpi,4,r,2.4,,,3.4,0.5,2.4
orth main,lm2,4,lipi,28.3,,,27.1,0.5,28.3
orth main,lm2,4,lcpi,0.7,,,0.0,28.0,69.6
orth main,lm2,4,lm2,69.8,,,72.5,0.8,1.0
orth main,lm2,4,r,1.2,,,0.5,70.7,1.2
orth main,r,4,lipi,2.2,,,2.1,91.1,2.2
orth main,r,4,lcpi,15.1,,,12.4,0.3,0.0
orth main,r,4,lm2,0.9,,,0.0,8.0,16.1
orth main,r,4,r,81.7,,,85.5,0.6,81.7
orth main,lipi,8,lipi,53.3,,,50.7,1.3,53.3
orth main,lipi,8,lcpi,26.0,,,35.4,59.5,9.8
orth main,lipi,8,lm2,18.8,,,12.7,23.3,35.0
orth main,lipi,8,r,1.9,,,1.2,16.0,1.9
orth main,lcpi,8,lipi,15.7,,,13.7,1.2,15.7
orth main,lcpi,8,lcpi,82.4,,,80.0,18.4,7.5
orth main,lcpi,8,lm2,0.6,,,5.3,79.4,75.5
orth main,lcpi,8,r,1.3,,,1.1,1.0,1.3
orth main,lm2,8,lipi,41.6,,,38.9,1.9,41.6
orth main,lm2,8,lcpi,1.4,,,0.1,39.6,56.4
orth main,lm2,8,lm2,55.2,,,59.3,1.4,0.2
orth main,lm2,8,r,1.8,,,1.8,57.0,1.8
orth main,r,8,lipi,0.8,,,0.7,89.2,0.8
orth main,r,8,lcpi,16.2,,,14.2,1.3,0.0
orth main,r,8,lm2,0.8,,,0.0,8.8,17.0
orth main,r,8,r,82.2,,,85.1,0.7,82.2
orth main,lipi,20,lipi,51.0,29.8,70.5,48.6,1.8,51.0
orth main,lipi,20,lcpi,28.0,14.9,40.7,37.4,57.7,9.4
orth main,lipi,20,lm2,18.6,9.6,30.1,12.2,25.0,37.3
orth main,lipi,20,r,2.3,0.0,13.3,1.7,15.6,2.3
orth main,lcpi,20,lipi,20.9,3.9,42.8,18.1,0.4,20.9
orth main,lcpi,20,lcpi,77.3,56.4,93.7,75.9,23.2,8.3
orth main,lcpi,20,lm2,1.0,0.0,4.0,5.6,75.0,70.0
orth main,lcpi,20,r,0.7,0.0,3.1,0.4,1.3,0.7
orth main,lm2,20,lipi,44.9,25.2,61.9,41.6,2.9,44.9
orth main,lm2,20,lcpi,2.1,0.0,10.3,0.2,42.1,52.7
orth main,lm2,20,lm2,50.6,34.1,68.8,55.4,2.1,0.0
orth main,lm2,20,r,2.3,0.4,5.6,2.7,52.9,2.3
orth main,r,20,lipi,0.3,0.0,8.4,0.3,88.4,0.3
orth main,r,20,lcpi,16.0,6.5,30.2,14.5,2.1,0.0
orth main,r,20,lm2,0.7,0.0,8.8,0.0,8.6,16.6
orth main,r,20,r,83.0,65.3,90.2,85.2,0.9,83.0
